,Title,Address,City,State,Zip,Status,VoteResults,Store,Announcement,location,lon,lat
1,7th Street & Bell,17045 N 7th St,Phoenix,AZ,NA,Filed,,14560,https://twitter.com/SBWorkersUnited/status/1496616239451492352,"17045 N 7th St, Phoenix, AZ",-112.0649397,33.6420234
2,Crismon & Southern,1222 S Crismon Rd,Mesa,AZ,NA,Announced but hasn't filed,,55374,https://twitter.com/SBWorkersUnited/status/1483574260455120901,"1222 S Crismon Rd, Mesa, AZ",-111.6158137,33.3928716
3,Power & Baseline Rd,6807 E Baseline Rd #102,Mesa,AZ,NA,"Voting complete, awaiting count",,NA,,"6807 E Baseline Rd #102, Mesa, AZ",-111.687607,33.379178
4,Scottsdale & Mayo,7000 E Mayo Blvd,Phoenix,AZ,NA,Announced but hasn't filed,,NA,,"7000 E Mayo Blvd, Phoenix, AZ",-111.9297108,33.6568242
5,Mason & Lassen,9857 Mason Avenue,Chatsworth,CA,91311,Filed,,NA,,"9857 Mason Avenue, Chatsworth, CA",-118.5802996,34.2493043
6,Mission & Dufour,1901 Mission Street,Santa Cruz,CA,NA,Filed,,NA,,"1901 Mission Street, Santa Cruz, CA",-122.042501,36.9636362
7,Ocean & Water,745 Ocean Street,Santa Cruz,CA,NA,Filed,,NA,,"745 Ocean Street, Santa Cruz, CA",-122.0215667,36.9792014
8,West Roseville,4000 Foothills Boulevard,Roseville,CA,NA,Filed,,NA,,"4000 Foothills Boulevard, Roseville, CA",-121.309894,38.7522206
9,E Colfax Ave,2975 E Colfax Ave,Denver,CO,NA,Announced but hasn't filed,,NA,,"2975 E Colfax Ave, Denver, CO",-104.9527804,39.7404776
10,Rock Creek Parkway,2800 Rock Creek Cir,Superior,CO,80027,Filed,,NA,,"2800 Rock Creek Cir, Superior, CO",-105.1476878,39.9280596
11,1703 W Tennessee,1703 W Tennessee St,Tallahassee,FL,NA,Filed,,NA,,"1703 W Tennessee St, Tallahassee, FL",-84.309659,30.4486991
12,8th Ave & 49th St,583 West 49th Street,Hialeah,FL,NA,Filed,,NA,,"583 West 49th Street, Hialeah, FL",-80.2933869,25.867005
13,John Knox & N Monroe St,2264-1 North Monroe Street,Tallahassee,FL,NA,Filed,,NA,,"2264-1 North Monroe Street, Tallahassee, FL",-84.2906286,30.4704568
14,Magnolia & Governors Square Blvd,222 South Magnolia Drive,Tallahassee,FL,NA,Filed,,NA,,"222 South Magnolia Drive, Tallahassee, FL",-84.2621604,30.4400504
15,San Jose Blvd & Ricky Drive,11441 San Jose Blvd,Jacksonville,FL,NA,Announced but hasn't filed,,NA,,"11441 San Jose Blvd, Jacksonville, FL",-81.6316197,30.1665271
16,I-75 & Howell Mill,1801 Howell Mill Rd,Atlanta,GA,NA,Filed,,NA,,"1801 Howell Mill Rd, Atlanta, GA",-84.412341,33.8032267
17,Peachtree Dunwoody & Hammond Drive,6001 Peachtree Dunwoody Road,Atlanta,GA,NA,Announced but hasn't filed,,NA,,"6001 Peachtree Dunwoody Road, Atlanta, GA",-84.3506927,33.9181642
18,Mililani Shopping Center,95-221 Kipapa Drive,Mililani,HI,NA,Announced but hasn't filed,,NA,,"95-221 Kipapa Drive, Mililani, HI",-158.0166377,21.4593592
19,55th & Woodlawn-Hyde Park,117 E 55th St,Chicago,IL,NA,Filed,,NA,,"117 E 55th St, Chicago, IL",-87.5935301,41.7951368
20,Downtown La Grange,38 South La Grange Road,La Grange,IL,NA,Filed,,NA,,"38 South La Grange Road, La Grange, IL",-87.869849,41.813975
21,Logan & California,2543 N California Ave,Chicago,IL,NA,Filed,,NA,,"2543 N California Ave, Chicago, IL",-87.6972845,41.9279076
22,Northwest Hwy & Feinberg Drive,620 Northwest Highway,Cary,IL,NA,???,,NA,,"620 Northwest Highway, Cary, IL",-88.2546834,42.2167218
23,Randolph & Wabash,155 North Wabash Avenue,Chicago,IL,NA,Filed,,NA,,"155 North Wabash Avenue, Chicago, IL",-87.6261559,41.8847401
24,University & Main,1200 W Main St,Peoria,IL,NA,Announced but hasn't filed,,NA,,"1200 W Main St, Peoria, IL",-89.6113475,40.6986966
25,Overland Park - 75th & I35,10201 West 75th Street,Overland Park,KS,NA,Filed,,NA,,"10201 West 75th Street, Overland Park, KS",-94.7036778,38.9926585
26,125 Summer St.,125 Summer Street,Boston,MA,NA,Filed,,NA,,"125 Summer Street, Boston, MA",-71.0575436,42.3530336
27,Beacon St,1948 Beacon St,"Brighton, Boston",MA,NA,Filed,,NA,,"1948 Beacon St, Brighton, Boston, MA",-71.1501629,42.3362534
28,Brookline Ave,364 Brookline Ave,Boston,MA,NA,Filed,,NA,,"364 Brookline Ave, Boston, MA",-71.1045583,42.3398798
29,Commonwealth Ave,1304 Commonwealth Avenue,Boston,MA,NA,Filed,,NA,,"1304 Commonwealth Avenue, Boston, MA",-71.134129,42.348368
30,Harvard St,277 Harvard Street,Boston,MA,NA,Filed,,NA,,"277 Harvard Street, Boston, MA",-71.0883998,42.2944294
31,Kendall Square,120 Broadway,Cambridge,MA,NA,Filed,,NA,,"120 Broadway, Cambridge, MA",-71.0880847,42.3640351
32,Newtonville,16-18 Austin Street,"Newtonville, Newton",MA,NA,Filed,,NA,,"16-18 Austin Street, Newtonville, Newton, MA",-71.2075916,42.350422
33,Watertown - Mt. Auburn,75 Mt Auburn St,Watertown,MA,NA,Announced but hasn't filed,,NA,,"75 Mt Auburn St, Watertown, MA",-71.181079,42.3664259
34,Western Ave / Allston Continuum,217 Western Ave,Boston,MA,NA,Filed,,NA,,"217 Western Ave, Boston, MA",-71.1305426,42.3633517
35,1700 W Nursery Rd.,1700 W Nursery Rd,Linthicum Heights,MD,NA,Filed,,NA,,"1700 W Nursery Rd, Linthicum Heights, MD",-76.6831667,39.19961
36,N Charles St,1209 N Charles St,Baltimore,MD,NA,Announced but hasn't filed,,NA,,"1209 N Charles St, Baltimore, MD",-76.6158411,39.3035573
37,Glencoe Crossing,4585 Washtenaw Ave,Ann Arbor,MI,NA,Filed,,NA,,"4585 Washtenaw Ave, Ann Arbor, MI",-83.6691676,42.2523083
38,Jackson & Zeeb,120 S Zeeb Rd,Ann Arbor,MI,NA,Filed,,NA,,"120 S Zeeb Rd, Ann Arbor, MI",-83.8393888,42.286095
39,Lake Lansing & Kerry St,2624 Lake Lansing Rd,Lansing,MI,NA,Filed,,NA,,"2624 Lake Lansing Rd, Lansing, MI",-84.5144359,42.7602987
40,Main & Liberty,300 South Main Street,Ann Arbor,MI,NA,Filed,,NA,,"300 South Main Street, Ann Arbor, MI",-83.7488149,42.2794636
41,S. Saginaw Street,11353 S Saginaw St,Grand Blanc,MI,NA,Filed,,NA,,"11353 S Saginaw St, Grand Blanc, MI",-83.6308685,42.9285327
42,South University & Church,1214 S University Ave,Ann Arbor,MI,NA,Filed,,NA,,"1214 S University Ave, Ann Arbor, MI",-83.7338835,42.2747556
43,State & Liberty,222 S State St,Ann Arbor,MI,NA,Filed,,NA,,"222 S State St, Ann Arbor, MI",-83.7410386,42.279541
44,The Mall At Partridge Creek,17410 Hall Road,Clinton Township,MI,NA,Filed,,NA,,"17410 Hall Road, Clinton Township, MI",-82.9458257,42.6253141
45,300 Snelling,300 Snelling Avenue South,St Paul,MN,55105,Announced but hasn't filed,,NA,,"300 Snelling Avenue South, St Paul, MN",-93.1666904,44.9325932
46,47th and Cedar,4712 Cedar Ave,Minneapolis,MN,NA,Announced but hasn't filed,,NA,,"4712 Cedar Ave, Minneapolis, MN",-93.2476577,44.9173845
47,Country Club Plaza,302 Nichols Road,Kansas City,MO,NA,Filed,,NA,,"302 Nichols Road, Kansas City, MO",-94.5907768,39.0415039
48,Wake Forest Rd and Six Forks Rd,2901 Sherman Oak Place,Raleigh,NC,NA,Filed,,NA,,"2901 Sherman Oak Place, Raleigh, NC",-78.6227839,35.8213418
49,Hopewell,800 Denow Road,Pennington,NJ,NA,Filed,,NA,,"800 Denow Road, Pennington, NJ",-74.7822753,40.3012611
50,Astor Place / Lafayette & 8th Street,13-25 Astor Place,New York,NY,NA,Annouced but hasn't filed,,NA,,"13-25 Astor Place, New York, NY",-73.9917721,40.730131
51,"Brighton, Monroe & Clover",2750 Monroe Avenue,Rochester,NY,NA,Filed,,NA,,"2750 Monroe Avenue, Rochester, NY",-77.5498285,43.1129784
52,Camp Road Hamburg,5120 Camp Road,Hamburg,NY,NA,Voted Against Union,12-Aug,NA,,"5120 Camp Road, Hamburg, NY",-78.854,42.748196
53,Ceaser's Bay Shopping Center,8973 Bay Parkway,Brooklyn,NY,NA,Annouced but hasn't filed,,NA,,"8973 Bay Parkway, Brooklyn, NY",-74.0011639,40.5935861
54,College Ave,402 College Avenue,Ithaca,NY,NA,Filed,,NA,,"402 College Avenue, Ithaca, NY",-76.4854359,42.4417647
55,Commons,130 East Seneca Street,Ithaca,NY,NA,Filed,,NA,,"130 East Seneca Street, Ithaca, NY",-76.4974243,42.4406563
56,Delaware & Chippewa,235 Delaware Avenue,Buffalo,NY,NA,Filed,,NA,,"235 Delaware Avenue, Buffalo, NY",-78.87617,42.8909164
57,Elmwood,933 Elmwood Avenue,Buffalo,NY,NA,Unionized,19-8,NA,,"933 Elmwood Avenue, Buffalo, NY",-78.8766785,42.9225955
58,Genessee St,4255 Genesee St,Cheektowaga,NY,NA,Unionized,15-9,NA,,"4255 Genesee St, Cheektowaga, NY",-78.7280029,42.9317533
59,Massapequa Village Square,4301 Merrick Road,Massapequa,NY,NA,Announced but hasn't filed,,NA,,"4301 Merrick Road, Massapequa, NY",-73.4748515,40.6669693
60,Meadow St,722 South Meadow Street,Ithaca,NY,NA,Filed,,NA,,"722 South Meadow Street, Ithaca, NY",-76.5097113,42.430811
61,Mount Hope Avenue,1394 Mount Hope Avenue,Rochester,NY,NA,Filed,,NA,,"1394 Mount Hope Avenue, Rochester, NY",-77.6180251,43.1228484
62,New York Reserve Roastery,61 9th Ave,New York,NY,NA,Annouced but hasn't filed,,NA,,"61 9th Ave, New York, NY",-74.0056597,40.7416944
63,Sheridan & Bailey,3186 Sheridan Drive,Amherst,NY,NA,Filed,,NA,,"3186 Sheridan Drive, Amherst, NY",-78.8153237,42.9806623
64,The Gardens,6 Great Neck Road,Great Neck Plaza,NY,NA,Announced but hasn't filed,,NA,,"6 Great Neck Road, Great Neck Plaza, NY",-73.7266387,40.7866716
65,Transit Commons / Depew,4770 Transit Road,Depew,NY,NA,Filed,,NA,,"4770 Transit Road, Depew, NY",-78.6975719,42.868562
66,Walden & Anderson,1775 Walden Avenue,Cheektowaga,NY,NA,Filed,,NA,,"1775 Walden Avenue, Cheektowaga, NY",-78.7707777,42.9084282
67,6th St,1374 W 6th St,Cleveland,OH,NA,Filed,,NA,,"1374 W 6th St, Cleveland, OH",-81.6984645,41.4991541
68,"Mayfield & Lee, Cleveland Hts.",3093 Mayfield Road,Cleveland Heights,OH,NA,Filed,,NA,,"3093 Mayfield Road, Cleveland Heights, OH",-81.5689322,41.516203
69,"W.117th, Clifton Blvd",11623 Clifton Boulevard,Cleveland,OH,NA,Filed,,NA,,"11623 Clifton Boulevard, Cleveland, OH",-81.7681491,41.4871801
70,63rd & Grand,1123 Northwest 63rd Street,Oklahoma City,OK,NA,Announced but hasn't filed,,NA,,"1123 Northwest 63rd Street, Oklahoma City, OK",-97.5323187,35.5372158
71,29th & Willamette,2830 Willamette St,Eugene,OR,NA,Filed,,NA,,"2830 Willamette St, Eugene, OR",-123.0910249,44.0279929
72,7th & Washington,495 West 7th Avenue,Eugene,OR,NA,Filed,,NA,,"495 West 7th Avenue, Eugene, OR",-123.0999582,44.0524891
73,Delta & Green Acres,3003 N Delta Hwy,Eugene,OR,NA,Filed,,NA,,"3003 N Delta Hwy, Eugene, OR",-123.0967821,44.0948552
74,Franklin & Villard,1895 Franklin Boulevard East,Eugene,OR,NA,Filed,,NA,,"1895 Franklin Boulevard East, Eugene, OR",-123.0646,44.04588
75,Garden Home,7315 SW Garden Home Rd,Portland,OR,NA,Filed,,NA,,"7315 SW Garden Home Rd, Portland, OR",-122.75163,45.4668653
76,Jenkins at Cedar Hills Crossing,2933 SW Cedar Hills Blvd,Beaverton,OR,NA,Filed,,NA,,"2933 SW Cedar Hills Blvd, Beaverton, OR",-122.809631,45.499177
77,Oakway Mall,65 Oakway Center,Eugene,OR,NA,Filed,,NA,,"65 Oakway Center, Eugene, OR",-123.0755647,44.0653219
78,U of O Erb Memorial Student Union,1395 University St,Eugene,OR,NA,Filed,,NA,,"1395 University St, Eugene, OR",-123.0736575,44.0450855
79,Walker & Schendel,16175 Southwest Walker Road,Beaverton,OR,NA,Filed,,NA,,"16175 Southwest Walker Road, Beaverton, OR",-122.8430685,45.5182551
80,20th & Market,1900 Market Street,Philadelphia,PA,19103,Filed,,NA,,"1900 Market Street, Philadelphia, PA",-75.172695,39.9532599
81,9th & South,600 9th St,Philadelphia,PA,NA,Filed,,NA,,"600 9th St, Philadelphia, PA",-75.1573199,39.9425227
82,"Bloomfield, Liberty Ave",4765 Liberty Avenue,Pittsburgh,PA,NA,Announced but hasn't filed,,NA,,"4765 Liberty Avenue, Pittsburgh, PA",-79.9474487,40.4612774
83,Callowhill,1945 Callowhill St,Philadelphia,PA,NA,Filed,,NA,,"1945 Callowhill St, Philadelphia, PA",-75.1713648,39.9609221
84,Walnut & 34th,3401 Walnut St,Philadelphia,PA,19104,Filed,,NA,,"3401 Walnut St, Philadelphia, PA",-75.1922872,39.9529913
85,I-85 & Pelham Pkwy,3905 Pelham Road,Greenville,SC,NA,Filed,,NA,,"3905 Pelham Road, Greenville, SC",-82.2647588,34.8599856
86,I75 at Merchant Dr.,116 Merchant Dr.,Knoxville,TN,NA,Filed,,NA,,"116 Merchant Dr., Knoxville, TN",-83.9705155,36.0104222
87,Poplar & Highland,3388 Poplar Avenue,Memphis,TN,NA,Filed,,NA,,"3388 Poplar Avenue, Memphis, TN",-89.9491496,35.1292311
88,410 & Vance Jackson,2639 Northwest Loop 410,San Antonio,TX,NA,Filed,,NA,,"2639 Northwest Loop 410, San Antonio, TX",-98.5366985,29.5125513
89,2003 S. Main Street,2003 South Main Street,Farmville,VA,NA,Filed,,NA,,"2003 South Main Street, Farmville, VA",-78.4015304,37.2745407
90,Arthur Ashe Blvd & Myers,1017 North Boulevard,Richmond,VA,NA,Announced but hasn't filed,,NA,,"1017 North Boulevard, Richmond, VA",-77.4689059,37.5643401
91,Broad and Willow Lawn,1601 Willow Lawn Dr,Richmond,VA,NA,Filed,,NA,,"1601 Willow Lawn Dr, Richmond, VA",-77.49744,37.582542
92,Carytown,3555 W Cary St,Richmond,VA,NA,Announced but hasn't filed,,NA,,"3555 W Cary St, Richmond, VA",-77.488794,37.5553904
93,Forest Hill Ave,6980 Forest Hill Ave,Richmond,VA,NA,Filed,,NA,https://twitter.com/SBWorkersUnited/status/1483574260455120901,"6980 Forest Hill Ave, Richmond, VA",-77.5236625,37.5382002
94,Huntsman Square,7475 Huntsman Blvd,Springfield,VA,NA,Filed,,NA,,"7475 Huntsman Blvd, Springfield, VA",-77.2651088,38.7527782
95,Midlothian & Carmia Way,Starbucks Midlothian Turnpike,North Chesterfield,VA,NA,Filed,,7577,https://twitter.com/SBWorkersUnited/status/1483574260455120901,"Starbucks Midlothian Turnpike, North Chesterfield, VA",-77.5949118,37.5067997
96,The Bridges Roanoke,8 Old Whitmore Ave,Roanoke,VA,NA,Announced but hasn't filed,,NA,,"8 Old Whitmore Ave, Roanoke, VA",-79.9412615,37.2567407
97,Westchester Commons,15605 WC Commons Way,Midlothian,VA,NA,Announced but hasn't filed,,NA,,"15605 WC Commons Way, Midlothian, VA",-77.6945222,37.5135936
98,1200 Westlake Ave,1200 Westlake Ave,Seattle,WA,NA,Filed,,NA,,"1200 Westlake Ave, Seattle, WA",-122.33959,47.6300119
99,37th & Broadway,3625 North Broadway Avenue,Everett,WA,NA,Filed,,NA,,"3625 North Broadway Avenue, Everett, WA",-122.2013312,47.9885135
100,5th & Pike,425 Pike St.,Seattle,WA,98101,Filed,,NA,,"425 Pike St., Seattle, WA",-122.3290442,47.6132613
101,Broadway & Denny,101 Broadway East,Seattle,WA,NA,Filed,,NA,,"101 Broadway East, Seattle, WA",-122.3212804,47.6188815
102,Starbucks Reserve Roastery,1124 Pike St,Seattle,WA,NA,Announced but hasn't filed,,NA,,"1124 Pike St, Seattle, WA",-122.3284332,47.6140019
103,McDill & Crossroads,120 Crossroads Drive,Plover,WI,NA,Filed,,NA,,"120 Crossroads Drive, Plover, WI",-89.5129936,44.4969219
104,Howell & Puetz,8880 S Howell Ave,Oak Creek,WI,NA,Announced but hasn't filed,,NA,,"8880 S Howell Ave, Oak Creek, WI",-87.9116063,42.8838888
